{
    "variants": {
        "normal": [
					{ "model": "bottle_01" },
					{ "model": "bottle_01", "y": 90 },
					{ "model": "bottle_01", "y": 180 },
					{ "model": "bottle_01", "y": 270 },
					{ "model": "bottle_02" },
					{ "model": "bottle_02", "y": 90 },
					{ "model": "bottle_02", "y": 180 },
					{ "model": "bottle_02", "y": 270 },
					{ "model": "bottle_03" },
					{ "model": "bottle_03", "y": 90 },
					{ "model": "bottle_03", "y": 180 },
					{ "model": "bottle_03", "y": 270 }
]
    }
}
